correo, nombre, telefono, contrasenia
'emickelwright0@yelp.com', 'Elissa', '5688624813', '8DrheK8tA'
'lchicchetto1@npr.org', 'Laural', '9863488025', '29pe7I9Iy7AP'
'wwallage2@acquirethisname.com', 'Winfred', '2124960493', 'L2eItUe7'
'aellsworthe3@cnbc.com', 'Artus', '6393477009', '7zQionA'
'lfalvey4@linkedin.com', 'Leoine', '5397580295', 'WY0cbN'
'sbeslier5@apache.org', 'Shana', '2787422294', 'gjP4F5bV9'
'deustis6@soundcloud.com', 'Dniren', '3838651124', 'FYxKP5gvCA5'
'hkeedy7@gmpg.org', 'Hillery', '9085925356', 'tpiJaZkVGBb'
'phughes8@studiopress.com', 'Prudence', '7602929851', '5i69Fq'
'usearl9@fastcompany.com', 'Ulrich', '1017765951', 'tdy9GsS'
'lcrooma@comcast.net', 'Leontyne', '3567628314', 'CMRdc1YUxD'
'taggottb@51.la', 'Tuesday', '1962783549', 'FIeUCd'
'vmontrosec@bloglines.com', 'Valaria', '8018906984', 'B3nPpXSF7Tu'
'sgoldsmithd@umich.edu', 'Siobhan', '2412446697', 'sHBQVoSQ1qW'
'ecumminge@fotki.com', 'Eldon', '4006773270', 'Eav4yQzCTbpu'
'mdarleyf@addthis.com', 'Maxi', '4917695764', 'VVYxNDB'
'dputlandg@nbcnews.com', 'Doug', '9476002391', 'ITThHUwPqWpu'
'theadleyh@chron.com', 'Tessi', '5752846423', 'w70dpd7aJt3e'
'hkubiceki@zdnet.com', 'Harold', '1245655367', 'Ow92akKpoGP'
'sfaulconbridgej@hud.gov', 'Sybila', '2101979670', 'qt8qX7uAe'
'cbompask@seesaa.net', 'Cinderella', '7414955177', 'YtMtSbTHMv'
'ppryerl@aboutads.info', 'Phil', '7463291014', 'PAowNs0M0c'
'sklimpm@merriam-webster.com', 'Sayres', '9435956254', 'JU0eTo'
'caistropn@nydailynews.com', 'Cheryl', '4844078145', 'oTGKmPp05'
'btrawino@statcounter.com', 'Bail', '1694836080', 't0ZXhdXG'
'vmanilop@nhs.uk', 'Vinnie', '6383147342', 'beYoNAn'
'bbrasonq@mit.edu', 'Bentley', '8256858818', '82wnncro9d'
'rgossr@twitter.com', 'Roxy', '6254862531', 'JUyxlwkR35D'
'gduchants@theatlantic.com', 'Gaylord', '5066723118', 'q262XeTl'
'doswaldt@hc360.com', 'Deeyn', '5795996860', 'tALH5um'
'rtysacku@cyberchimps.com', 'Ronnie', '6784097149', 'IiE7bsNil'
'ntrowlv@themeforest.net', 'Natalya', '3963435460', 'dyNDf2cwLU'
'rmartinsonw@icq.com', 'Rudy', '7957396627', '5Pu8yVjCPH'
'fduguex@feedburner.com', 'Fawnia', '2595351882', '9yAS4bWD'
'bringrosey@sphinn.com', 'Bondie', '4004553277', 'NKWmp9feL'
'wbabbz@wordpress.org', 'Wald', '6225976749', 'Tft7NM3L'
'miglesia10@apache.org', 'Moselle', '4636066552', 'CO7NMrEwGjh6'
'cpetrakov11@1und1.de', 'Curran', '1105613880', '1KKWIvN0'
'mblincowe12@nasa.gov', 'Mabelle', '7024821900', '13EXBz3'
'lbirmingham13@craigslist.org', 'Lise', '3207638724', 'fXRq1oz25'
'aleglise14@people.com.cn', 'Alejandrina', '6411425371', 'GHZF3Evt4f'
'mjanjusevic15@cloudflare.com', 'Malinda', '7433745278', 'Hx2wWrjj'
'rbarge16@1und1.de', 'Rosemarie', '2142376628', 'gpcxFihgrZV'
'ahoffner17@mayoclinic.com', 'Ardath', '6874056452', 'ks1dLy'
'focaine18@privacy.gov.au', 'Ferguson', '2891063921', 'Wv5o71VBSHs'
'pricciardelli19@imdb.com', 'Prudy', '3364349186', 'BNpANs3tLth'
'bjuorio1a@bloomberg.com', 'Brody', '4756016800', 'AKRVF3eQloh'
'ysutcliff1b@theguardian.com', 'Yolane', '4971325108', 'UNuDCgit'
'cstollsteimer1c@instagram.com', 'Calla', '5764344413', 'NVOLdZEgr82'
'ehemerijk1d@unc.edu', 'Eldredge', '1245716433', 'Sta1N6yu6akg'
